id,user_id,start_date,end_date,cycle_length,period_length,logged_at



1,2,2025-10-29,2025-11-03,,,2025-11-29 19:35:21
2,2,2025-11-29,,,,2025-11-29 19:47:38
3,2,2025-06-25,2025-06-30,,,2025-12-01 06:28:43
4,2,2025-07-23,2025-06-30,,,2025-12-01 06:29:05
5,2,2025-07-23,2025-07-29,,,2025-12-01 06:29:41
6,2,2025-08-24,2025-08-29,,,2025-12-01 06:30:33
7,2,2025-09-29,2025-10-03,,,2025-12-01 06:31:13
8,2,2025-11-29,,,,2025-12-01 06:34:08
9,3,2025-12-03,,,,2025-12-03 10:22:23
10,3,2025-07-09,,,,2025-12-03 10:22:50
11,3,2025-07-08,,,,2025-12-03 10:23:13
12,3,2025-01-11,,,,2025-12-03 10:23:30
13,4,2025-07-10,2025-07-17,,,2026-01-07 21:30:52
14,4,2025-08-10,2025-07-17,,,2026-01-07 21:31:17
15,4,2025-09-16,2025-07-17,,,2026-01-07 21:31:35
16,4,2025-10-13,2025-07-17,,,2026-01-07 21:31:51
17,4,2025-11-11,2025-07-17,,,2026-01-07 21:32:15
18,4,2025-12-11,,,,2026-01-07 21:32:45
19,4,2025-08-10,2025-08-17,,,2026-01-07 21:34:14
20,4,2025-09-11,2025-09-17,,,2026-01-07 21:34:49
21,5,2025-08-10,2025-08-17,,,2026-01-07 21:36:50
22,5,2025-09-10,2025-09-17,,,2026-01-07 21:37:10
23,5,2025-10-13,2025-10-20,,,2026-01-07 21:37:39
24,5,2025-11-11,2025-11-18,,,2026-01-07 21:37:57
25,5,2025-12-12,2025-12-18,,,2026-01-07 21:38:24
